"instance_source_pkey","instance_description","instance_name","instance_rootKey","instance_rootSystem","PersonToResultParent_pkey","PersonToResultParent_sourceSystem","PersonToResultChild_pkey","PersonToResultChild_sourceSystem","PersonToResult_sourcePkey"
"PerK4798419864448","PerK4798419864448 hierarchy instance","PerK4798419864448.hierarchy.instance","PerK4798419864448","ns.vm.hierarchy-import","PerK4798419864448","testing_ff","ResK5434997691708","testing_ff","Hkey_PtR_ResK5434997691708_0"
"PerK5933037053679","PerK5933037053679 hierarchy instance","PerK5933037053679.hierarchy.instance","PerK5933037053679","ns.vm.hierarchy-import","PerK5933037053679","testing_ff","ResK0596722155888","testing_ff","Hkey_PtR_ResK0596722155888_1"
"PerK5129662868669","PerK5129662868669 hierarchy instance","PerK5129662868669.hierarchy.instance","PerK5129662868669","ns.vm.hierarchy-import","PerK5129662868669","testing_ff","ResK0870377957876","testing_ff","Hkey_PtR_ResK0870377957876_2"
"PerK4359499984435","PerK4359499984435 hierarchy instance","PerK4359499984435.hierarchy.instance","PerK4359499984435","ns.vm.hierarchy-import","PerK4359499984435","testing_ff","ResK6081921168295","testing_ff","Hkey_PtR_ResK6081921168295_3"
"PerK3625441026685","PerK3625441026685 hierarchy instance","PerK3625441026685.hierarchy.instance","PerK3625441026685","ns.vm.hierarchy-import","PerK3625441026685","testing_ff","ResK3353853666006","testing_ff","Hkey_PtR_ResK3353853666006_4"
