"person_pkey","person_souce_system","first_name","middle_name","last_name","full_name","prefix","suffix","email","phone_number","street_address","city","state","zip_code"
"PerK4798419864448","testing_ff","Todd","Angelica","Alexander","Todd Angelica Alexander","","","ericaharris@example.com","4046268281","974 Rodriguez Knolls","Port Andrewland","Alaska","17821"
"PerK5933037053679","testing_ff","Christopher","","Daniels","Christopher Daniels","Ind.","","robertsmith@example.com","001-393-948-0037","08532 Mathews Walk Apt. 398","Dustintown","Arkansas","69208"
"PerK5129662868669","testing_ff","Jonathan","Deborah","Adams","Jonathan Deborah Adams","Dr.","DDS","edward18@example.net","(334)278-2333","907 Ortiz Hills Suite 863","Bassfurt","New Hampshire","99748"
"PerK4359499984435","testing_ff","Denise","","Simmons","Denise Simmons","Dr.","MD","joshua46@example.org","9983407323","310 Howe Mountain Suite 708","Lake Stanley","Delaware","35950"
"PerK3625441026685","testing_ff","James","","Ward","James Ward","","DVM","yanderson@example.net","2214447108","02091 Matthew Fall Apt. 449","Danielton","Virginia","18610"
