"result_pkey","result_souce_system","result_personid","result_eventid","result_sub_eventid","registration_number"
"ResK5434997691708","testing_ff","PerK4798419864448","TestEvent_2","6072847999179_se2","1046748452878_reg2"
"ResK0596722155888","testing_ff","PerK5933037053679","TestEvent_0","7987903441600_se0","8014031020243_reg0"
"ResK0870377957876","testing_ff","PerK5129662868669","TestEvent_0","1440524962337_se0","9735529604422_reg0"
"ResK6081921168295","testing_ff","PerK4359499984435","TestEvent_2","4308879372539_se2","2715791587880_reg2"
"ResK3353853666006","testing_ff","PerK3625441026685","TestEvent_2","9849768927881_se2","0807685535885_reg2"
