"result_pkey","result_souce_system","result_personid","result_eventid","result_sub_eventid","registration_number"
"ResK0754530093857","Desktop_Test_Flatfile","PerK4558115502651","EveK7718256368760e-1","SbeK3531376225539e-1","RegK1934560209933"
"ResK0455243662971","Desktop_Test_Flatfile","PerK4889987395042","EveK6296005478973e-0","SbeK6369525382768e-0","RegK5711763777645"
"ResK4505080503275","Desktop_Test_Flatfile","PerK1275275506581","EveK7718256368760e-1","SbeK3531376225539e-1","RegK0374411009274"
"ResK8604152131180","Desktop_Test_Flatfile","PerK1933620919201","EveK9154012065432e-2","SbeK2507288796147e-2","RegK9643637835006"
"ResK3418196296799","Desktop_Test_Flatfile","PerK9778825625777","EveK7718256368760e-1","SbeK3531376225539e-1","RegK8223743147432"
"ResK1416674856956","Desktop_Test_Flatfile","PerK4420500623312","EveK7718256368760e-1","SbeK3531376225539e-1","RegK7352058197472"
"ResK8513660944673","Desktop_Test_Flatfile","PerK8835632006852","EveK7718256368760e-1","SbeK3531376225539e-1","RegK6222820792291"
"ResK0515302069889","Desktop_Test_Flatfile","PerK7156491656929","EveK9154012065432e-2","SbeK2507288796147e-2","RegK6848652321470"
"ResK1636004117834","Desktop_Test_Flatfile","PerK7933026940506","EveK9154012065432e-2","SbeK2507288796147e-2","RegK4148446138607"
"ResK4691486719409","Desktop_Test_Flatfile","PerK6143893574402","EveK6296005478973e-0","SbeK6369525382768e-0","RegK9710641274487"
"ResK7354913483317","Desktop_Test_Flatfile","PerK8808007971666","EveK9154012065432e-2","SbeK2507288796147e-2","RegK2763208975126"
"ResK8409609648156","Desktop_Test_Flatfile","PerK8318223325278","EveK7718256368760e-1","SbeK3531376225539e-1","RegK6552619762212"
"ResK2104378948396","Desktop_Test_Flatfile","PerK4132706266957","EveK9154012065432e-2","SbeK2507288796147e-2","RegK6880039994471"
"ResK4726012871952","Desktop_Test_Flatfile","PerK0408367260288","EveK6296005478973e-0","SbeK6369525382768e-0","RegK6611151010714"
"ResK5090100684885","Desktop_Test_Flatfile","PerK0501043170052","EveK6296005478973e-0","SbeK6369525382768e-0","RegK5973282146764"
"ResK2692662855869","Desktop_Test_Flatfile","PerK2878964351555","EveK9154012065432e-2","SbeK2507288796147e-2","RegK9882825372040"
"ResK9230896736139","Desktop_Test_Flatfile","PerK8026595295579","EveK6296005478973e-0","SbeK6369525382768e-0","RegK3235803305077"
"ResK7097524196060","Desktop_Test_Flatfile","PerK9524831900199","EveK9154012065432e-2","SbeK2507288796147e-2","RegK0446951797826"
"ResK4005580284075","Desktop_Test_Flatfile","PerK3652117490365","EveK6296005478973e-0","SbeK6369525382768e-0","RegK7766585028053"
"ResK4834853417403","Desktop_Test_Flatfile","PerK6875395150159","EveK7718256368760e-1","SbeK3531376225539e-1","RegK8022309513953"
